Id,Pawpularity
80bc3ccafcc51b66303c2c263aa38486.jpg,21.975887
4128bae22183829d2b5fea10effdb0c3.jpg,22.334545
43a2262d7738e3d420d453815151079e.jpg,23.830746
8f49844c382931444e68dffbe20228f4.jpg,22.50678
c978013571258ed6d4637f6e8cc9d6a3.jpg,22.488628
e0de453c1bffc20c22b072b34b54e50f.jpg,22.451635
4e429cead1848a298432a0acad014c9d.jpg,21.636665
b03f7041962238a7c9d6537e22f9b017.jpg,23.550623
